seanpm2001,Sean P. Myrick V19.1.7.2,742,https://www.github.com/seanpm2001
Amine-Smahi,Amine Smahi,362,https://www.github.com/Amine-Smahi
anitsh,Anit Shrestha,129,https://www.github.com/anitsh
gamontal,Gabe Montalvo,128,https://www.github.com/gamontal
yanxiaodi,Xiaodi Yan,118,https://www.github.com/yanxiaodi
flumpus-dev,flumpus,106,https://www.github.com/flumpus-dev
ffrmns,Fikri Firmansyah Akbar,89,https://www.github.com/ffrmns
xchehub,XC,80,https://www.github.com/xchehub
hnjm,Hassan Najm,77,https://www.github.com/hnjm
Mutuduxf,XiaoFei Du,67,https://www.github.com/Mutuduxf
rumaniel,Ruman Kim,59,https://www.github.com/rumaniel
ZeBobo5,ZeBobo5,49,https://www.github.com/ZeBobo5
Sergfio,Stefan Focht,48,https://www.github.com/Sergfio
logreg-n-coffee,Rui Hu,45,https://www.github.com/logreg-n-coffee
Amir-Hossin-pr,amir hossin,42,https://www.github.com/Amir-Hossin-pr
mzuvin,Mustafa Zuvin,39,https://www.github.com/mzuvin
okudnk,okudnk,37,https://www.github.com/okudnk
derskythe,DerSkythe,29,https://www.github.com/derskythe
bodrick,Chris Motch,27,https://www.github.com/bodrick
smaicas,smaicas,26,https://www.github.com/smaicas
mdhiego,Dhiego Martins Andrade,14,https://www.github.com/mdhiego
Mohsen-Yaghoubi,Mohsen Yaghoubi,14,https://www.github.com/Mohsen-Yaghoubi
ahmad2smile,Ahmad,13,https://www.github.com/ahmad2smile
gpicchiarelli,Giacomo Picchiarelli,10,https://www.github.com/gpicchiarelli
dbarU,dbarU,9,https://www.github.com/dbarU
HuaFangYun,HuaFangYun,8,https://www.github.com/HuaFangYun
eminvegan,Emin Temiz,7,https://www.github.com/eminvegan
ca0v,Corey Alix,6,https://www.github.com/ca0v
lucasjkelley,Luke Kelley,5,https://www.github.com/lucasjkelley
AirtonBorges,Arto,5,https://www.github.com/AirtonBorges
Dziamid-Harbatsevich,Dziamid Harbatsevich,5,https://www.github.com/Dziamid-Harbatsevich
staticage,Alex Liu,4,https://www.github.com/staticage
nealhoang,Hoang Neal,4,https://www.github.com/nealhoang
bxjg1987,Zhu Lijun,3,https://www.github.com/bxjg1987
MAUIHighSchool,.NET MAUI HighSchool,3,https://www.github.com/MAUIHighSchool
hadayago,Hardik,3,https://www.github.com/hadayago
zawhtut,zawhtut,3,https://www.github.com/zawhtut
galict,Tomislav Galić,3,https://www.github.com/galict
iant-ee,Ian Tommins,2,https://www.github.com/iant-ee
poddubitskya,Alex Paddubitski,2,https://www.github.com/poddubitskya
7hui,其徽,2,https://www.github.com/7hui
edwardsj89,Jason Edwards,1,https://www.github.com/edwardsj89
mfm-gwt,mfm-gwt,0,https://www.github.com/mfm-gwt
bisslot,bisslot,0,https://www.github.com/bisslot
DineshLohar,Dinesh Chandra Lohar,0,https://www.github.com/DineshLohar
mietu,mietu,0,https://www.github.com/mietu
Netcompany-AndersBregendahl,Anders Lyngby Bregendahl,-1,https://www.github.com/Netcompany-AndersBregendahl
hyf123abc123,hyf123abc123,-1,https://www.github.com/hyf123abc123
